,device_type,name,first_os_version,first_os_version_key,last_os_version,last_os_version_key
0,Mac,device-key-signature,13.0,"(13, 0)",26.3,"(26, 3)"
1,Mac,ec-version,11.0.1,"(11, 0, 1)",26.3,"(26, 3)"
2,Mac,is-c2k-equipment,11.0.1,"(11, 0, 1)",26.3,"(26, 3)"
3,Mac,is-green-tea,12.0.1,"(12, 0, 1)",26.3,"(26, 3)"
4,Mac,is-web-client,13.0,"(13, 0)",26.3,"(26, 3)"
5,Mac,kt-version,11.0.1,"(11, 0, 1)",26.3,"(26, 3)"
6,Mac,nicknames-version,11.0.1,"(11, 0, 1)",26.3,"(26, 3)"
7,Mac,optionally-receive-typing-indicators,11.0.1,"(11, 0, 1)",26.3,"(26, 3)"
8,Mac,prefers-sdr,11.0.1,"(11, 0, 1)",26.3,"(26, 3)"
9,Mac,sender-key-message-version,15.0,"(15, 0)",26.3,"(26, 3)"
10,Mac,show-peer-errors,11.0.1,"(11, 0, 1)",26.3,"(26, 3)"
11,Mac,supports-ack-v1,11.0.1,"(11, 0, 1)",26.3,"(26, 3)"
12,Mac,supports-adaptive-temperature-automations,26.0,"(26, 0)",26.3,"(26, 3)"
13,Mac,supports-animoji-v2,11.0.1,"(11, 0, 1)",26.3,"(26, 3)"
14,Mac,supports-aot,26.0,"(26, 0)",26.3,"(26, 3)"
15,Mac,supports-askto,14.0,"(14, 0)",26.3,"(26, 3)"
16,Mac,supports-askto-responseUI,26.3,"(26, 3)",26.3,"(26, 3)"
17,Mac,supports-askto-v2,26.0,"(26, 0)",26.3,"(26, 3)"
18,Mac,supports-audio-messaging-v2,11.0.1,"(11, 0, 1)",26.3,"(26, 3)"
19,Mac,supports-autoloopvideo-v1,11.0.1,"(11, 0, 1)",26.3,"(26, 3)"
20,Mac,supports-avless,13.0,"(13, 0)",26.3,"(26, 3)"
21,Mac,supports-be-v1,11.0.1,"(11, 0, 1)",26.3,"(26, 3)"
22,Mac,supports-beacon-sharing-v2,12.0.1,"(12, 0, 1)",26.3,"(26, 3)"
23,Mac,supports-beacon-sharing-v3,14.0,"(14, 0)",26.3,"(26, 3)"
24,Mac,supports-beneficiary-invites,13.0,"(13, 0)",26.3,"(26, 3)"
25,Mac,supports-ca-v1,11.0.1,"(11, 0, 1)",26.3,"(26, 3)"
26,Mac,supports-calls-25,26.0,"(26, 0)",26.3,"(26, 3)"
27,Mac,supports-certified-delivery-v1,11.0.1,"(11, 0, 1)",26.3,"(26, 3)"
28,Mac,supports-ckv-enforcement,26.0,"(26, 0)",26.3,"(26, 3)"
29,Mac,supports-co,12.0.1,"(12, 0, 1)",26.3,"(26, 3)"
30,Mac,supports-cross-platform-sharing,13.0,"(13, 0)",26.3,"(26, 3)"
31,Mac,supports-dq-nr,12.0.1,"(12, 0, 1)",26.3,"(26, 3)"
32,Mac,supports-emoji-images,15.0,"(15, 0)",26.3,"(26, 3)"
33,Mac,supports-emoji-stickers,14.0,"(14, 0)",26.3,"(26, 3)"
34,Mac,supports-emoji-tapbacks,15.0,"(15, 0)",26.3,"(26, 3)"
35,Mac,supports-family-invite-message-bubble,13.0,"(13, 0)",26.3,"(26, 3)"
36,Mac,supports-findmy-plugin-messages,14.0,"(14, 0)",26.3,"(26, 3)"
37,Mac,supports-fm-fence-v1,11.0.1,"(11, 0, 1)",26.3,"(26, 3)"
38,Mac,supports-fmd-v2,11.0.1,"(11, 0, 1)",26.3,"(26, 3)"
39,Mac,supports-fsm-v1,11.0.1,"(11, 0, 1)",26.3,"(26, 3)"
40,Mac,supports-fsm-v2,11.0.1,"(11, 0, 1)",26.3,"(26, 3)"
41,Mac,supports-fsm-v3,11.0.1,"(11, 0, 1)",26.3,"(26, 3)"
42,Mac,supports-gft-calls,12.0.1,"(12, 0, 1)",26.3,"(26, 3)"
43,Mac,supports-gft-errors,12.0.1,"(12, 0, 1)",26.3,"(26, 3)"
44,Mac,supports-gft-relay,14.0,"(14, 0)",26.3,"(26, 3)"
45,Mac,supports-group-apple-cash,26.0,"(26, 0)",26.3,"(26, 3)"
46,Mac,supports-group-photo-refresh-version,14.4,"(14, 4)",26.3,"(26, 3)"
47,Mac,supports-gti,26.0,"(26, 0)",26.3,"(26, 3)"
48,Mac,supports-harmony,11.0.1,"(11, 0, 1)",26.3,"(26, 3)"
49,Mac,supports-hdr,11.0.1,"(11, 0, 1)",26.3,"(26, 3)"
50,Mac,supports-heif,11.0.1,"(11, 0, 1)",26.3,"(26, 3)"
51,Mac,supports-hi-res-vid,14.0,"(14, 0)",26.3,"(26, 3)"
52,Mac,supports-high-quality-photo-file-sizes,15.0,"(15, 0)",26.3,"(26, 3)"
53,Mac,supports-hk-resident,12.0.1,"(12, 0, 1)",26.3,"(26, 3)"
54,Mac,supports-hybrid-groups-v1,14.0,"(14, 0)",26.3,"(26, 3)"
55,Mac,supports-ii-v1,11.0.1,"(11, 0, 1)",26.3,"(26, 3)"
56,Mac,supports-impact-v1,11.0.1,"(11, 0, 1)",26.3,"(26, 3)"
57,Mac,supports-incoming-fmd-v1,11.0.1,"(11, 0, 1)",26.3,"(26, 3)"
58,Mac,supports-inline-attachments,11.0.1,"(11, 0, 1)",26.3,"(26, 3)"
59,Mac,supports-introductions-v1,26.0,"(26, 0)",26.3,"(26, 3)"
60,Mac,supports-keep-receipts,11.0.1,"(11, 0, 1)",26.3,"(26, 3)"
61,Mac,supports-key-sharing,11.0.1,"(11, 0, 1)",26.3,"(26, 3)"
62,Mac,supports-legacy-contact-invites-v1,15.4,"(15, 4)",26.3,"(26, 3)"
63,Mac,supports-legacy-contact-invites-v2,26.0,"(26, 0)",26.3,"(26, 3)"
64,Mac,supports-legacy-contact-invites-v3,26.0,"(26, 0)",26.3,"(26, 3)"
65,Mac,supports-live-delivery,11.0.1,"(11, 0, 1)",26.3,"(26, 3)"
66,Mac,supports-live-translation,26.0,"(26, 0)",26.3,"(26, 3)"
67,Mac,supports-location-sharing,11.0.1,"(11, 0, 1)",26.3,"(26, 3)"
68,Mac,supports-lqm-hq,26.0,"(26, 0)",26.3,"(26, 3)"
69,Mac,supports-manatee-activity-sharing,15.0,"(15, 0)",26.3,"(26, 3)"
70,Mac,supports-maps-protocol-v5,13.0,"(13, 0)",26.3,"(26, 3)"
71,Mac,supports-maps-routing-path-leg,12.0.1,"(12, 0, 1)",26.3,"(26, 3)"
72,Mac,supports-maps-waypoint-route-sharing,13.0,"(13, 0)",26.3,"(26, 3)"
73,Mac,supports-maps-wgs84-elevation-model,26.0,"(26, 0)",26.3,"(26, 3)"
74,Mac,supports-media-v2,11.0.1,"(11, 0, 1)",26.3,"(26, 3)"
75,Mac,supports-mirage,13.0,"(13, 0)",26.3,"(26, 3)"
76,Mac,supports-modern-gft,12.0.1,"(12, 0, 1)",26.3,"(26, 3)"
77,Mac,supports-nearby-facetime,26.0,"(26, 0)",26.3,"(26, 3)"
78,Mac,supports-original-timestamp-v1,11.0.1,"(11, 0, 1)",26.3,"(26, 3)"
79,Mac,supports-people-ranging-v1,14.0,"(14, 0)",26.3,"(26, 3)"
80,Mac,supports-people-request-messages,13.0,"(13, 0)",26.3,"(26, 3)"
81,Mac,supports-people-request-messages-v2,14.0,"(14, 0)",26.3,"(26, 3)"
82,Mac,supports-people-request-messages-v3,14.0,"(14, 0)",26.3,"(26, 3)"
83,Mac,supports-photos-extension-v1,11.0.1,"(11, 0, 1)",26.3,"(26, 3)"
84,Mac,supports-photos-extension-v2,12.0.1,"(12, 0, 1)",26.3,"(26, 3)"
85,Mac,supports-polls,26.0,"(26, 0)",26.3,"(26, 3)"
86,Mac,supports-protobuf-payload-data-v2,11.0.1,"(11, 0, 1)",26.3,"(26, 3)"
87,Mac,supports-qta,15.6,"(15, 6)",26.3,"(26, 3)"
88,Mac,supports-queue-one-read-receipts,26.0,"(26, 0)",26.0,"(26, 0)"
89,Mac,supports-queue-one-read-receipts-v3,26.3,"(26, 3)",26.3,"(26, 3)"
90,Mac,supports-rbm-chatbot,15.4,"(15, 4)",26.3,"(26, 3)"
91,Mac,supports-recovery-contact-upsell,15.2,"(15, 2)",26.3,"(26, 3)"
92,Mac,supports-recurring-payment-bubbles,14.0,"(14, 0)",26.3,"(26, 3)"
93,Mac,supports-rem,13.0,"(13, 0)",26.3,"(26, 3)"
94,Mac,supports-remote-atv-signin,15.0,"(15, 0)",26.3,"(26, 3)"
95,Mac,supports-restricted-guest,15.0,"(15, 0)",26.3,"(26, 3)"
96,Mac,supports-sa-v1,12.0.1,"(12, 0, 1)",26.3,"(26, 3)"
97,Mac,supports-screen-time-v2,11.0.1,"(11, 0, 1)",26.3,"(26, 3)"
98,Mac,supports-secure-loc-v1,12.0.1,"(12, 0, 1)",26.3,"(26, 3)"
99,Mac,supports-self-one-to-one-invites,13.0,"(13, 0)",26.3,"(26, 3)"
100,Mac,supports-send-later-messages,15.0,"(15, 0)",26.3,"(26, 3)"
101,Mac,supports-sender-key-self-check,15.4,"(15, 4)",26.3,"(26, 3)"
102,Mac,supports-sender-key-v1,15.0,"(15, 0)",26.3,"(26, 3)"
103,Mac,supports-shared-exp,13.0,"(13, 0)",26.3,"(26, 3)"
104,Mac,supports-significant-app-update,26.3,"(26, 3)",26.3,"(26, 3)"
105,Mac,supports-sos-alerting,14.0,"(14, 0)",26.3,"(26, 3)"
106,Mac,supports-ssrc,15.0,"(15, 0)",26.3,"(26, 3)"
107,Mac,supports-st-er,13.0,"(13, 0)",26.3,"(26, 3)"
108,Mac,supports-st-v1,11.0.1,"(11, 0, 1)",26.3,"(26, 3)"
109,Mac,supports-stewie,15.0,"(15, 0)",26.3,"(26, 3)"
110,Mac,supports-stick-moji-backs,15.0,"(15, 0)",26.3,"(26, 3)"
111,Mac,supports-sticker-editing,14.0,"(14, 0)",26.3,"(26, 3)"
112,Mac,supports-transcript-backgrounds,26.0,"(26, 0)",26.3,"(26, 3)"
113,Mac,supports-update-attachments-v1,11.0.1,"(11, 0, 1)",26.3,"(26, 3)"
114,Mac,supports-uriless-membership-updates,26.0,"(26, 0)",26.3,"(26, 3)"
115,Mac,supports-user-driven-call-activation,15.4,"(15, 4)",26.3,"(26, 3)"
116,Mac,supports-uwb,12.0.1,"(12, 0, 1)",26.3,"(26, 3)"
117,Mac,supports-zelkova,14.0,"(14, 0)",26.3,"(26, 3)"
118,VisionPro,device-key-signature,1.0.2,"(1, 0, 2)",26.3,"(26, 3)"
119,VisionPro,ec-version,1.0.2,"(1, 0, 2)",26.3,"(26, 3)"
120,VisionPro,is-c2k-equipment,1.0.2,"(1, 0, 2)",26.3,"(26, 3)"
121,VisionPro,is-green-tea,1.0.2,"(1, 0, 2)",26.3,"(26, 3)"
122,VisionPro,is-web-client,1.0.2,"(1, 0, 2)",26.3,"(26, 3)"
123,VisionPro,kt-version,1.0.2,"(1, 0, 2)",26.3,"(26, 3)"
124,VisionPro,nicknames-version,1.0.2,"(1, 0, 2)",26.3,"(26, 3)"
125,VisionPro,optionally-receive-typing-indicators,1.0.2,"(1, 0, 2)",26.3,"(26, 3)"
126,VisionPro,prefers-sdr,1.0.2,"(1, 0, 2)",26.3,"(26, 3)"
127,VisionPro,sender-key-message-version,2.0,"(2, 0)",26.3,"(26, 3)"
128,VisionPro,show-peer-errors,1.0.2,"(1, 0, 2)",26.3,"(26, 3)"
129,VisionPro,supports-ack-v1,1.0.2,"(1, 0, 2)",26.3,"(26, 3)"
130,VisionPro,supports-activity-sharing-v1,1.0.2,"(1, 0, 2)",26.3,"(26, 3)"
131,VisionPro,supports-adaptive-temperature-automations,26.0,"(26, 0)",26.3,"(26, 3)"
132,VisionPro,supports-animoji-v2,1.0.2,"(1, 0, 2)",26.3,"(26, 3)"
133,VisionPro,supports-askto,1.0.2,"(1, 0, 2)",26.3,"(26, 3)"
134,VisionPro,supports-askto-responseUI,26.3,"(26, 3)",26.3,"(26, 3)"
135,VisionPro,supports-askto-v2,26.0,"(26, 0)",26.3,"(26, 3)"
136,VisionPro,supports-audio-messaging-v2,1.0.2,"(1, 0, 2)",26.3,"(26, 3)"
137,VisionPro,supports-autoloopvideo-v1,1.0.2,"(1, 0, 2)",26.3,"(26, 3)"
138,VisionPro,supports-avless,1.0.2,"(1, 0, 2)",26.3,"(26, 3)"
139,VisionPro,supports-be-v1,1.0.2,"(1, 0, 2)",26.3,"(26, 3)"
140,VisionPro,supports-beacon-sharing-v2,1.0.2,"(1, 0, 2)",26.3,"(26, 3)"
141,VisionPro,supports-beacon-sharing-v3,1.0.2,"(1, 0, 2)",26.3,"(26, 3)"
142,VisionPro,supports-beneficiary-invites,1.0.2,"(1, 0, 2)",26.3,"(26, 3)"
143,VisionPro,supports-ca-v1,1.0.2,"(1, 0, 2)",26.3,"(26, 3)"
144,VisionPro,supports-calls-25,26.0,"(26, 0)",26.3,"(26, 3)"
145,VisionPro,supports-certified-delivery-v1,1.0.2,"(1, 0, 2)",26.3,"(26, 3)"
146,VisionPro,supports-ckv-enforcement,26.0,"(26, 0)",26.3,"(26, 3)"
147,VisionPro,supports-co,1.0.2,"(1, 0, 2)",26.3,"(26, 3)"
148,VisionPro,supports-cross-platform-sharing,1.0.2,"(1, 0, 2)",26.3,"(26, 3)"
149,VisionPro,supports-dq-nr,1.0.2,"(1, 0, 2)",26.3,"(26, 3)"
150,VisionPro,supports-emoji-images,2.0,"(2, 0)",26.3,"(26, 3)"
151,VisionPro,supports-emoji-stickers,1.0.2,"(1, 0, 2)",26.3,"(26, 3)"
152,VisionPro,supports-emoji-tapbacks,2.0,"(2, 0)",26.3,"(26, 3)"
153,VisionPro,supports-family-invite-message-bubble,1.0.2,"(1, 0, 2)",26.3,"(26, 3)"
154,VisionPro,supports-findmy-plugin-messages,1.0.2,"(1, 0, 2)",26.3,"(26, 3)"
155,VisionPro,supports-fm-fence-v1,1.0.2,"(1, 0, 2)",26.3,"(26, 3)"
156,VisionPro,supports-fmd-v2,1.0.2,"(1, 0, 2)",26.3,"(26, 3)"
157,VisionPro,supports-fsm-v1,1.0.2,"(1, 0, 2)",26.3,"(26, 3)"
158,VisionPro,supports-fsm-v2,1.0.2,"(1, 0, 2)",26.3,"(26, 3)"
159,VisionPro,supports-fsm-v3,1.0.2,"(1, 0, 2)",26.3,"(26, 3)"
160,VisionPro,supports-gft-calls,1.0.2,"(1, 0, 2)",26.3,"(26, 3)"
161,VisionPro,supports-gft-errors,1.0.2,"(1, 0, 2)",26.3,"(26, 3)"
162,VisionPro,supports-gft-relay,1.0.2,"(1, 0, 2)",26.3,"(26, 3)"
163,VisionPro,supports-group-apple-cash,26.0,"(26, 0)",26.3,"(26, 3)"
164,VisionPro,supports-group-photo-refresh-version,2.0,"(2, 0)",26.3,"(26, 3)"
165,VisionPro,supports-gti,26.0,"(26, 0)",26.3,"(26, 3)"
166,VisionPro,supports-harmony,1.0.2,"(1, 0, 2)",26.3,"(26, 3)"
167,VisionPro,supports-hdr,1.0.2,"(1, 0, 2)",26.3,"(26, 3)"
168,VisionPro,supports-heif,1.0.2,"(1, 0, 2)",26.3,"(26, 3)"
169,VisionPro,supports-hi-res-vid,1.0.2,"(1, 0, 2)",26.3,"(26, 3)"
170,VisionPro,supports-high-quality-photo-file-sizes,2.0,"(2, 0)",26.3,"(26, 3)"
171,VisionPro,supports-hk-resident,1.0.2,"(1, 0, 2)",26.3,"(26, 3)"
172,VisionPro,supports-hybrid-groups-v1,1.0.2,"(1, 0, 2)",26.3,"(26, 3)"
173,VisionPro,supports-ii-v1,1.0.2,"(1, 0, 2)",26.3,"(26, 3)"
174,VisionPro,supports-impact-v1,1.0.2,"(1, 0, 2)",26.3,"(26, 3)"
175,VisionPro,supports-incoming-fmd-v1,1.0.2,"(1, 0, 2)",26.3,"(26, 3)"
176,VisionPro,supports-inline-attachments,1.0.2,"(1, 0, 2)",26.3,"(26, 3)"
177,VisionPro,supports-introductions-v1,26.0,"(26, 0)",26.3,"(26, 3)"
178,VisionPro,supports-keep-receipts,1.0.2,"(1, 0, 2)",26.3,"(26, 3)"
179,VisionPro,supports-key-sharing,1.0.2,"(1, 0, 2)",26.3,"(26, 3)"
180,VisionPro,supports-legacy-contact-invites-v1,26.0,"(26, 0)",26.3,"(26, 3)"
181,VisionPro,supports-legacy-contact-invites-v2,26.0,"(26, 0)",26.3,"(26, 3)"
182,VisionPro,supports-legacy-contact-invites-v3,26.0,"(26, 0)",26.3,"(26, 3)"
183,VisionPro,supports-live-delivery,1.0.2,"(1, 0, 2)",26.3,"(26, 3)"
184,VisionPro,supports-live-translation,26.0,"(26, 0)",26.3,"(26, 3)"
185,VisionPro,supports-location-sharing,1.0.2,"(1, 0, 2)",26.3,"(26, 3)"
186,VisionPro,supports-lqm-hq,26.0,"(26, 0)",26.3,"(26, 3)"
187,VisionPro,supports-manatee-activity-sharing,2.0,"(2, 0)",26.3,"(26, 3)"
188,VisionPro,supports-manatee-for-apple-cash,1.0.2,"(1, 0, 2)",26.3,"(26, 3)"
189,VisionPro,supports-maps-protocol-v5,1.0.2,"(1, 0, 2)",26.3,"(26, 3)"
190,VisionPro,supports-maps-routing-path-leg,1.0.2,"(1, 0, 2)",26.3,"(26, 3)"
191,VisionPro,supports-maps-waypoint-route-sharing,1.0.2,"(1, 0, 2)",26.3,"(26, 3)"
192,VisionPro,supports-maps-wgs84-elevation-model,26.0,"(26, 0)",26.3,"(26, 3)"
193,VisionPro,supports-media-v2,1.0.2,"(1, 0, 2)",26.3,"(26, 3)"
194,VisionPro,supports-mirage,1.0.2,"(1, 0, 2)",26.3,"(26, 3)"
195,VisionPro,supports-modern-gft,1.0.2,"(1, 0, 2)",26.3,"(26, 3)"
196,VisionPro,supports-nearby-facetime,26.0,"(26, 0)",26.3,"(26, 3)"
197,VisionPro,supports-original-timestamp-v1,1.0.2,"(1, 0, 2)",26.3,"(26, 3)"
198,VisionPro,supports-people-ranging-v1,1.0.2,"(1, 0, 2)",26.3,"(26, 3)"
199,VisionPro,supports-people-request-messages,1.0.2,"(1, 0, 2)",26.3,"(26, 3)"
200,VisionPro,supports-people-request-messages-v2,1.0.2,"(1, 0, 2)",26.3,"(26, 3)"
201,VisionPro,supports-people-request-messages-v3,1.0.2,"(1, 0, 2)",26.3,"(26, 3)"
202,VisionPro,supports-photos-extension-v1,1.0.2,"(1, 0, 2)",26.3,"(26, 3)"
203,VisionPro,supports-photos-extension-v2,1.0.2,"(1, 0, 2)",26.3,"(26, 3)"
204,VisionPro,supports-polls,26.0,"(26, 0)",26.3,"(26, 3)"
205,VisionPro,supports-protobuf-payload-data-v2,1.0.2,"(1, 0, 2)",26.3,"(26, 3)"
206,VisionPro,supports-qta,26.0,"(26, 0)",26.3,"(26, 3)"
207,VisionPro,supports-queue-one-read-receipts,26.0,"(26, 0)",26.0,"(26, 0)"
208,VisionPro,supports-queue-one-read-receipts-v3,26.3,"(26, 3)",26.3,"(26, 3)"
209,VisionPro,supports-rbm-chatbot,26.0,"(26, 0)",26.3,"(26, 3)"
210,VisionPro,supports-recovery-contact-upsell,26.0,"(26, 0)",26.3,"(26, 3)"
211,VisionPro,supports-recurring-payment-bubbles,1.0.2,"(1, 0, 2)",26.3,"(26, 3)"
212,VisionPro,supports-region-for-apple-cash,1.0.2,"(1, 0, 2)",26.3,"(26, 3)"
213,VisionPro,supports-rem,1.0.2,"(1, 0, 2)",26.3,"(26, 3)"
214,VisionPro,supports-remote-atv-signin,2.0,"(2, 0)",26.3,"(26, 3)"
215,VisionPro,supports-restricted-guest,2.0,"(2, 0)",26.3,"(26, 3)"
216,VisionPro,supports-sa-v1,1.0.2,"(1, 0, 2)",26.3,"(26, 3)"
217,VisionPro,supports-screen-time-v2,1.0.2,"(1, 0, 2)",26.3,"(26, 3)"
218,VisionPro,supports-secure-loc-v1,1.0.2,"(1, 0, 2)",26.3,"(26, 3)"
219,VisionPro,supports-self-one-to-one-invites,1.0.2,"(1, 0, 2)",26.3,"(26, 3)"
220,VisionPro,supports-send-later-messages,2.0,"(2, 0)",26.3,"(26, 3)"
221,VisionPro,supports-sender-key-self-check,26.0,"(26, 0)",26.3,"(26, 3)"
222,VisionPro,supports-sender-key-v1,2.0,"(2, 0)",26.3,"(26, 3)"
223,VisionPro,supports-shared-exp,1.0.2,"(1, 0, 2)",26.3,"(26, 3)"
224,VisionPro,supports-significant-app-update,26.3,"(26, 3)",26.3,"(26, 3)"
225,VisionPro,supports-sos-alerting,1.0.2,"(1, 0, 2)",26.3,"(26, 3)"
226,VisionPro,supports-ssrc,2.0,"(2, 0)",26.3,"(26, 3)"
227,VisionPro,supports-st-er,1.0.2,"(1, 0, 2)",26.3,"(26, 3)"
228,VisionPro,supports-st-v1,1.0.2,"(1, 0, 2)",26.3,"(26, 3)"
229,VisionPro,supports-stewie,2.0,"(2, 0)",26.3,"(26, 3)"
230,VisionPro,supports-stick-moji-backs,2.0,"(2, 0)",26.3,"(26, 3)"
231,VisionPro,supports-sticker-editing,1.0.2,"(1, 0, 2)",26.3,"(26, 3)"
232,VisionPro,supports-transcript-backgrounds,26.0,"(26, 0)",26.3,"(26, 3)"
233,VisionPro,supports-update-attachments-v1,1.0.2,"(1, 0, 2)",26.3,"(26, 3)"
234,VisionPro,supports-uriless-membership-updates,26.0,"(26, 0)",26.3,"(26, 3)"
235,VisionPro,supports-user-driven-call-activation,26.0,"(26, 0)",26.3,"(26, 3)"
236,VisionPro,supports-uwb,1.0.2,"(1, 0, 2)",26.3,"(26, 3)"
237,VisionPro,supports-zelkova,1.0.2,"(1, 0, 2)",26.3,"(26, 3)"
238,iPad,device-key-signature,16.1,"(16, 1)",26.3,"(26, 3)"
239,iPad,ec-version,13.1,"(13, 1)",26.3,"(26, 3)"
240,iPad,is-c2k-equipment,11.0.1,"(11, 0, 1)",26.3,"(26, 3)"
241,iPad,is-green-tea,15.0,"(15, 0)",26.3,"(26, 3)"
242,iPad,is-web-client,16.1,"(16, 1)",26.3,"(26, 3)"
243,iPad,kt-version,13.1,"(13, 1)",26.3,"(26, 3)"
244,iPad,nicknames-version,13.1,"(13, 1)",26.3,"(26, 3)"
245,iPad,optionally-receive-typing-indicators,11.0.1,"(11, 0, 1)",26.3,"(26, 3)"
246,iPad,prefers-sdr,14.0,"(14, 0)",26.3,"(26, 3)"
247,iPad,sender-key-message-version,18.0,"(18, 0)",26.3,"(26, 3)"
248,iPad,show-peer-errors,11.0.1,"(11, 0, 1)",26.3,"(26, 3)"
249,iPad,supports-ack-v1,11.0.1,"(11, 0, 1)",26.3,"(26, 3)"
250,iPad,supports-activity-sharing-v1,11.0.1,"(11, 0, 1)",26.3,"(26, 3)"
251,iPad,supports-adaptive-temperature-automations,26.0,"(26, 0)",26.3,"(26, 3)"
252,iPad,supports-animoji-v2,13.1,"(13, 1)",26.3,"(26, 3)"
253,iPad,supports-aot,26.0,"(26, 0)",26.3,"(26, 3)"
254,iPad,supports-askto,17.0,"(17, 0)",26.3,"(26, 3)"
255,iPad,supports-askto-responseUI,26.2,"(26, 2)",26.3,"(26, 3)"
256,iPad,supports-askto-v2,26.0,"(26, 0)",26.3,"(26, 3)"
257,iPad,supports-audio-messaging-v2,13.1,"(13, 1)",26.3,"(26, 3)"
258,iPad,supports-autoloopvideo-v1,11.0.1,"(11, 0, 1)",26.3,"(26, 3)"
259,iPad,supports-avless,16.1,"(16, 1)",26.3,"(26, 3)"
260,iPad,supports-be-v1,11.0.1,"(11, 0, 1)",26.3,"(26, 3)"
261,iPad,supports-beacon-sharing-v2,15.0,"(15, 0)",26.3,"(26, 3)"
262,iPad,supports-beacon-sharing-v3,17.0,"(17, 0)",26.3,"(26, 3)"
263,iPad,supports-beneficiary-invites,16.1,"(16, 1)",26.3,"(26, 3)"
264,iPad,supports-ca-v1,11.0.1,"(11, 0, 1)",26.3,"(26, 3)"
265,iPad,supports-calls-25,26.0,"(26, 0)",26.3,"(26, 3)"
266,iPad,supports-certified-delivery-v1,13.1,"(13, 1)",26.3,"(26, 3)"
267,iPad,supports-ckv-enforcement,26.0,"(26, 0)",26.3,"(26, 3)"
268,iPad,supports-co,15.0,"(15, 0)",26.3,"(26, 3)"
269,iPad,supports-cross-platform-sharing,16.1,"(16, 1)",26.3,"(26, 3)"
270,iPad,supports-dq-nr,15.0,"(15, 0)",26.3,"(26, 3)"
271,iPad,supports-emoji-images,18.0,"(18, 0)",26.3,"(26, 3)"
272,iPad,supports-emoji-stickers,17.0,"(17, 0)",26.3,"(26, 3)"
273,iPad,supports-emoji-tapbacks,18.0,"(18, 0)",26.3,"(26, 3)"
274,iPad,supports-family-invite-message-bubble,16.1,"(16, 1)",26.3,"(26, 3)"
275,iPad,supports-findmy-plugin-messages,17.0,"(17, 0)",26.3,"(26, 3)"
276,iPad,supports-fm-fence-v1,14.0,"(14, 0)",26.3,"(26, 3)"
277,iPad,supports-fmd-v2,14.0,"(14, 0)",26.3,"(26, 3)"
278,iPad,supports-fsm-v1,11.0.1,"(11, 0, 1)",26.3,"(26, 3)"
279,iPad,supports-fsm-v2,11.0.1,"(11, 0, 1)",26.3,"(26, 3)"
280,iPad,supports-fsm-v3,11.0.1,"(11, 0, 1)",26.3,"(26, 3)"
281,iPad,supports-gft-calls,15.0,"(15, 0)",26.3,"(26, 3)"
282,iPad,supports-gft-errors,15.0,"(15, 0)",26.3,"(26, 3)"
283,iPad,supports-gft-relay,17.0,"(17, 0)",26.3,"(26, 3)"
284,iPad,supports-group-apple-cash,26.0,"(26, 0)",26.3,"(26, 3)"
285,iPad,supports-group-photo-refresh-version,17.4,"(17, 4)",26.3,"(26, 3)"
286,iPad,supports-gti,26.0,"(26, 0)",26.3,"(26, 3)"
287,iPad,supports-harmony,14.0,"(14, 0)",26.3,"(26, 3)"
288,iPad,supports-hdr,14.0,"(14, 0)",26.3,"(26, 3)"
289,iPad,supports-heif,14.0,"(14, 0)",26.3,"(26, 3)"
290,iPad,supports-hi-res-vid,17.0,"(17, 0)",26.3,"(26, 3)"
291,iPad,supports-high-quality-photo-file-sizes,18.0,"(18, 0)",26.3,"(26, 3)"
292,iPad,supports-hk-resident,15.0,"(15, 0)",26.3,"(26, 3)"
293,iPad,supports-hybrid-groups-v1,17.0,"(17, 0)",26.3,"(26, 3)"
294,iPad,supports-ii-v1,11.0.1,"(11, 0, 1)",26.3,"(26, 3)"
295,iPad,supports-impact-v1,11.0.1,"(11, 0, 1)",26.3,"(26, 3)"
296,iPad,supports-incoming-fmd-v1,13.1,"(13, 1)",26.3,"(26, 3)"
297,iPad,supports-inline-attachments,11.0.1,"(11, 0, 1)",26.3,"(26, 3)"
298,iPad,supports-introductions-v1,26.0,"(26, 0)",26.3,"(26, 3)"
299,iPad,supports-keep-receipts,11.0.1,"(11, 0, 1)",26.3,"(26, 3)"
300,iPad,supports-key-sharing,14.0,"(14, 0)",26.3,"(26, 3)"
301,iPad,supports-legacy-contact-invites-v1,18.4,"(18, 4)",26.3,"(26, 3)"
302,iPad,supports-legacy-contact-invites-v2,26.0,"(26, 0)",26.3,"(26, 3)"
303,iPad,supports-legacy-contact-invites-v3,26.0,"(26, 0)",26.3,"(26, 3)"
304,iPad,supports-live-delivery,13.1,"(13, 1)",26.3,"(26, 3)"
305,iPad,supports-live-translation,26.0,"(26, 0)",26.3,"(26, 3)"
306,iPad,supports-location-sharing,11.0.1,"(11, 0, 1)",26.3,"(26, 3)"
307,iPad,supports-lqm-hq,26.0,"(26, 0)",26.3,"(26, 3)"
308,iPad,supports-manatee-activity-sharing,18.0,"(18, 0)",26.3,"(26, 3)"
309,iPad,supports-manatee-for-apple-cash,14.0,"(14, 0)",26.3,"(26, 3)"
310,iPad,supports-maps-protocol-v5,16.1,"(16, 1)",26.3,"(26, 3)"
311,iPad,supports-maps-routing-path-leg,15.0,"(15, 0)",26.3,"(26, 3)"
312,iPad,supports-maps-waypoint-route-sharing,16.1,"(16, 1)",26.3,"(26, 3)"
313,iPad,supports-maps-wgs84-elevation-model,26.0,"(26, 0)",26.3,"(26, 3)"
314,iPad,supports-media-v2,11.0.1,"(11, 0, 1)",26.3,"(26, 3)"
315,iPad,supports-mirage,16.1,"(16, 1)",26.3,"(26, 3)"
316,iPad,supports-modern-gft,15.0,"(15, 0)",26.3,"(26, 3)"
317,iPad,supports-nearby-facetime,26.0,"(26, 0)",26.3,"(26, 3)"
318,iPad,supports-original-timestamp-v1,13.1,"(13, 1)",26.3,"(26, 3)"
319,iPad,supports-people-ranging-v1,17.0,"(17, 0)",26.3,"(26, 3)"
320,iPad,supports-people-request-messages,16.1,"(16, 1)",26.3,"(26, 3)"
321,iPad,supports-people-request-messages-v2,17.0,"(17, 0)",26.3,"(26, 3)"
322,iPad,supports-people-request-messages-v3,17.0,"(17, 0)",26.3,"(26, 3)"
323,iPad,supports-photos-extension-v1,12.0,"(12, 0)",26.3,"(26, 3)"
324,iPad,supports-photos-extension-v2,15.0,"(15, 0)",26.3,"(26, 3)"
325,iPad,supports-polls,26.0,"(26, 0)",26.3,"(26, 3)"
326,iPad,supports-protobuf-payload-data-v1,13.1,"(13, 1)",13.1,"(13, 1)"
327,iPad,supports-protobuf-payload-data-v2,14.0,"(14, 0)",26.3,"(26, 3)"
328,iPad,supports-qta,18.7.1,"(18, 7, 1)",26.3,"(26, 3)"
329,iPad,supports-queue-one-read-receipts,26.0,"(26, 0)",26.0,"(26, 0)"
330,iPad,supports-queue-one-read-receipts-v3,26.2,"(26, 2)",26.3,"(26, 3)"
331,iPad,supports-rbm-chatbot,18.4,"(18, 4)",26.3,"(26, 3)"
332,iPad,supports-recovery-contact-upsell,18.4,"(18, 4)",26.3,"(26, 3)"
333,iPad,supports-recurring-payment-bubbles,17.0,"(17, 0)",26.3,"(26, 3)"
334,iPad,supports-region-for-apple-cash,14.0,"(14, 0)",26.3,"(26, 3)"
335,iPad,supports-rem,16.1,"(16, 1)",26.3,"(26, 3)"
336,iPad,supports-remote-atv-signin,18.0,"(18, 0)",26.3,"(26, 3)"
337,iPad,supports-restricted-guest,18.0,"(18, 0)",26.3,"(26, 3)"
338,iPad,supports-sa-v1,15.0,"(15, 0)",26.3,"(26, 3)"
339,iPad,supports-screen-time-v2,13.1,"(13, 1)",26.3,"(26, 3)"
340,iPad,supports-secure-loc-v1,15.0,"(15, 0)",26.3,"(26, 3)"
341,iPad,supports-self-one-to-one-invites,16.1,"(16, 1)",26.3,"(26, 3)"
342,iPad,supports-send-later-messages,18.0,"(18, 0)",26.3,"(26, 3)"
343,iPad,supports-sender-key-self-check,18.4,"(18, 4)",26.3,"(26, 3)"
344,iPad,supports-sender-key-v1,18.0,"(18, 0)",26.3,"(26, 3)"
345,iPad,supports-shared-exp,16.1,"(16, 1)",26.3,"(26, 3)"
346,iPad,supports-significant-app-update,26.2,"(26, 2)",26.3,"(26, 3)"
347,iPad,supports-sos-alerting,17.0,"(17, 0)",26.3,"(26, 3)"
348,iPad,supports-ssrc,18.0,"(18, 0)",26.3,"(26, 3)"
349,iPad,supports-st-er,16.1,"(16, 1)",26.3,"(26, 3)"
350,iPad,supports-st-v1,11.0.1,"(11, 0, 1)",26.3,"(26, 3)"
351,iPad,supports-stewie,18.0,"(18, 0)",26.3,"(26, 3)"
352,iPad,supports-stick-moji-backs,18.0,"(18, 0)",26.3,"(26, 3)"
353,iPad,supports-sticker-editing,17.0,"(17, 0)",26.3,"(26, 3)"
354,iPad,supports-transcript-backgrounds,26.0,"(26, 0)",26.3,"(26, 3)"
355,iPad,supports-update-attachments-v1,11.0.1,"(11, 0, 1)",26.3,"(26, 3)"
356,iPad,supports-uriless-membership-updates,26.0,"(26, 0)",26.3,"(26, 3)"
357,iPad,supports-user-driven-call-activation,18.4,"(18, 4)",26.3,"(26, 3)"
358,iPad,supports-uwb,15.0,"(15, 0)",26.3,"(26, 3)"
359,iPad,supports-zelkova,17.0,"(17, 0)",26.3,"(26, 3)"
360,iPhone,device-key-signature,15.4,"(15, 4)",26.3,"(26, 3)"
361,iPhone,ec-version,13.0,"(13, 0)",26.3,"(26, 3)"
362,iPhone,is-c2k-equipment,12.0,"(12, 0)",26.3,"(26, 3)"
363,iPhone,is-green-tea,15.0,"(15, 0)",26.3,"(26, 3)"
364,iPhone,is-web-client,15.4,"(15, 4)",26.3,"(26, 3)"
365,iPhone,kt-version,13.0,"(13, 0)",26.3,"(26, 3)"
366,iPhone,nicknames-version,13.0,"(13, 0)",26.3,"(26, 3)"
367,iPhone,optionally-receive-typing-indicators,12.0,"(12, 0)",26.3,"(26, 3)"
368,iPhone,prefers-sdr,14.0,"(14, 0)",26.3,"(26, 3)"
369,iPhone,sender-key-message-version,18.0,"(18, 0)",26.3,"(26, 3)"
370,iPhone,show-peer-errors,12.0,"(12, 0)",26.3,"(26, 3)"
371,iPhone,supports-ack-v1,12.0,"(12, 0)",26.3,"(26, 3)"
372,iPhone,supports-activity-sharing-v1,12.0,"(12, 0)",26.3,"(26, 3)"
373,iPhone,supports-adaptive-temperature-automations,26.0,"(26, 0)",26.3,"(26, 3)"
374,iPhone,supports-animoji-v2,13.0,"(13, 0)",26.3,"(26, 3)"
375,iPhone,supports-aot,26.0,"(26, 0)",26.3,"(26, 3)"
376,iPhone,supports-askto,17.0,"(17, 0)",26.3,"(26, 3)"
377,iPhone,supports-askto-responseUI,26.1,"(26, 1)",26.3,"(26, 3)"
378,iPhone,supports-askto-v2,26.0,"(26, 0)",26.3,"(26, 3)"
379,iPhone,supports-audio-messaging-v2,13.0,"(13, 0)",26.3,"(26, 3)"
380,iPhone,supports-autoloopvideo-v1,12.0,"(12, 0)",26.3,"(26, 3)"
381,iPhone,supports-avless,16.0,"(16, 0)",26.3,"(26, 3)"
382,iPhone,supports-be-v1,12.0,"(12, 0)",26.3,"(26, 3)"
383,iPhone,supports-beacon-sharing-v2,15.0,"(15, 0)",26.3,"(26, 3)"
384,iPhone,supports-beacon-sharing-v3,17.0,"(17, 0)",26.3,"(26, 3)"
385,iPhone,supports-beneficiary-invites,15.4,"(15, 4)",26.3,"(26, 3)"
386,iPhone,supports-ca-v1,12.0,"(12, 0)",26.3,"(26, 3)"
387,iPhone,supports-calls-25,26.0,"(26, 0)",26.3,"(26, 3)"
388,iPhone,supports-certified-delivery-v1,13.0,"(13, 0)",26.3,"(26, 3)"
389,iPhone,supports-ckv-enforcement,26.0,"(26, 0)",26.3,"(26, 3)"
390,iPhone,supports-co,15.0,"(15, 0)",26.3,"(26, 3)"
391,iPhone,supports-cross-platform-sharing,16.0,"(16, 0)",26.3,"(26, 3)"
392,iPhone,supports-dq-nr,15.0,"(15, 0)",26.3,"(26, 3)"
393,iPhone,supports-emoji-images,18.0,"(18, 0)",26.3,"(26, 3)"
394,iPhone,supports-emoji-stickers,17.0,"(17, 0)",26.3,"(26, 3)"
395,iPhone,supports-emoji-tapbacks,18.0,"(18, 0)",26.3,"(26, 3)"
396,iPhone,supports-family-invite-message-bubble,16.0,"(16, 0)",26.3,"(26, 3)"
397,iPhone,supports-findmy-plugin-messages,17.0,"(17, 0)",26.3,"(26, 3)"
398,iPhone,supports-fm-fence-v1,14.0,"(14, 0)",26.3,"(26, 3)"
399,iPhone,supports-fmd-v2,14.0,"(14, 0)",26.3,"(26, 3)"
400,iPhone,supports-fsm-v1,12.0,"(12, 0)",26.3,"(26, 3)"
401,iPhone,supports-fsm-v2,12.0,"(12, 0)",26.3,"(26, 3)"
402,iPhone,supports-fsm-v3,12.0,"(12, 0)",26.3,"(26, 3)"
403,iPhone,supports-gft-calls,15.0,"(15, 0)",26.3,"(26, 3)"
404,iPhone,supports-gft-errors,15.0,"(15, 0)",26.3,"(26, 3)"
405,iPhone,supports-gft-relay,17.0,"(17, 0)",26.3,"(26, 3)"
406,iPhone,supports-group-apple-cash,26.0,"(26, 0)",26.3,"(26, 3)"
407,iPhone,supports-group-photo-refresh-version,17.4,"(17, 4)",26.3,"(26, 3)"
408,iPhone,supports-gti,26.0,"(26, 0)",26.3,"(26, 3)"
409,iPhone,supports-harmony,14.0,"(14, 0)",26.3,"(26, 3)"
410,iPhone,supports-hdr,14.0,"(14, 0)",26.3,"(26, 3)"
411,iPhone,supports-heif,14.0,"(14, 0)",26.3,"(26, 3)"
412,iPhone,supports-hi-res-vid,17.0,"(17, 0)",26.3,"(26, 3)"
413,iPhone,supports-high-quality-photo-file-sizes,18.0,"(18, 0)",26.3,"(26, 3)"
414,iPhone,supports-hk-resident,15.0,"(15, 0)",26.3,"(26, 3)"
415,iPhone,supports-hybrid-groups-v1,17.0,"(17, 0)",26.3,"(26, 3)"
416,iPhone,supports-ii-v1,12.0,"(12, 0)",26.3,"(26, 3)"
417,iPhone,supports-impact-v1,12.0,"(12, 0)",26.3,"(26, 3)"
418,iPhone,supports-incoming-fmd-v1,13.0,"(13, 0)",26.3,"(26, 3)"
419,iPhone,supports-inline-attachments,12.0,"(12, 0)",26.3,"(26, 3)"
420,iPhone,supports-introductions-v1,26.0,"(26, 0)",26.3,"(26, 3)"
421,iPhone,supports-keep-receipts,12.0,"(12, 0)",26.3,"(26, 3)"
422,iPhone,supports-key-sharing,14.0,"(14, 0)",26.3,"(26, 3)"
423,iPhone,supports-legacy-contact-invites-v1,18.4,"(18, 4)",26.3,"(26, 3)"
424,iPhone,supports-legacy-contact-invites-v2,26.0,"(26, 0)",26.3,"(26, 3)"
425,iPhone,supports-legacy-contact-invites-v3,26.0,"(26, 0)",26.3,"(26, 3)"
426,iPhone,supports-live-delivery,13.0,"(13, 0)",26.3,"(26, 3)"
427,iPhone,supports-live-translation,26.0,"(26, 0)",26.3,"(26, 3)"
428,iPhone,supports-location-sharing,12.0,"(12, 0)",26.3,"(26, 3)"
429,iPhone,supports-lqm-hq,26.0,"(26, 0)",26.3,"(26, 3)"
430,iPhone,supports-manatee-activity-sharing,18.0,"(18, 0)",26.3,"(26, 3)"
431,iPhone,supports-manatee-for-apple-cash,14.0,"(14, 0)",26.3,"(26, 3)"
432,iPhone,supports-maps-protocol-v5,16.0,"(16, 0)",26.3,"(26, 3)"
433,iPhone,supports-maps-routing-path-leg,15.0,"(15, 0)",26.3,"(26, 3)"
434,iPhone,supports-maps-waypoint-route-sharing,16.0,"(16, 0)",26.3,"(26, 3)"
435,iPhone,supports-maps-wgs84-elevation-model,26.0,"(26, 0)",26.3,"(26, 3)"
436,iPhone,supports-media-v2,12.0,"(12, 0)",26.3,"(26, 3)"
437,iPhone,supports-mirage,16.0,"(16, 0)",26.3,"(26, 3)"
438,iPhone,supports-modern-gft,15.0,"(15, 0)",26.3,"(26, 3)"
439,iPhone,supports-nearby-facetime,26.0,"(26, 0)",26.3,"(26, 3)"
440,iPhone,supports-original-timestamp-v1,13.0,"(13, 0)",26.3,"(26, 3)"
441,iPhone,supports-people-ranging-v1,17.0,"(17, 0)",26.3,"(26, 3)"
442,iPhone,supports-people-request-messages,16.0,"(16, 0)",26.3,"(26, 3)"
443,iPhone,supports-people-request-messages-v2,16.2,"(16, 2)",26.3,"(26, 3)"
444,iPhone,supports-people-request-messages-v3,16.4,"(16, 4)",26.3,"(26, 3)"
445,iPhone,supports-photos-extension-v1,12.0,"(12, 0)",26.3,"(26, 3)"
446,iPhone,supports-photos-extension-v2,15.0,"(15, 0)",26.3,"(26, 3)"
447,iPhone,supports-polls,26.0,"(26, 0)",26.3,"(26, 3)"
448,iPhone,supports-protobuf-payload-data-v2,14.0,"(14, 0)",26.3,"(26, 3)"
449,iPhone,supports-qta,18.6,"(18, 6)",26.3,"(26, 3)"
450,iPhone,supports-queue-one-read-receipts,26.0,"(26, 0)",26.1,"(26, 1)"
451,iPhone,supports-queue-one-read-receipts-v2,26.1,"(26, 1)",26.1,"(26, 1)"
452,iPhone,supports-queue-one-read-receipts-v3,26.2,"(26, 2)",26.3,"(26, 3)"
453,iPhone,supports-rbm-chatbot,18.4,"(18, 4)",26.3,"(26, 3)"
454,iPhone,supports-recovery-contact-upsell,18.2,"(18, 2)",26.3,"(26, 3)"
455,iPhone,supports-recurring-payment-bubbles,17.0,"(17, 0)",26.3,"(26, 3)"
456,iPhone,supports-region-for-apple-cash,14.0,"(14, 0)",26.3,"(26, 3)"
457,iPhone,supports-rem,16.0,"(16, 0)",26.3,"(26, 3)"
458,iPhone,supports-remote-atv-signin,18.0,"(18, 0)",26.3,"(26, 3)"
459,iPhone,supports-restricted-guest,18.0,"(18, 0)",26.3,"(26, 3)"
460,iPhone,supports-sa-v1,15.0,"(15, 0)",26.3,"(26, 3)"
461,iPhone,supports-screen-time-v2,13.0,"(13, 0)",26.3,"(26, 3)"
462,iPhone,supports-secure-loc-v1,15.0,"(15, 0)",26.3,"(26, 3)"
463,iPhone,supports-self-one-to-one-invites,16.0,"(16, 0)",26.3,"(26, 3)"
464,iPhone,supports-send-later-messages,18.0,"(18, 0)",26.3,"(26, 3)"
465,iPhone,supports-sender-key-self-check,18.4,"(18, 4)",26.3,"(26, 3)"
466,iPhone,supports-sender-key-v1,18.0,"(18, 0)",26.3,"(26, 3)"
467,iPhone,supports-shared-exp,16.0,"(16, 0)",26.3,"(26, 3)"
468,iPhone,supports-significant-app-update,26.2,"(26, 2)",26.3,"(26, 3)"
469,iPhone,supports-sos-alerting,17.0,"(17, 0)",26.3,"(26, 3)"
470,iPhone,supports-ssrc,18.0,"(18, 0)",26.3,"(26, 3)"
471,iPhone,supports-st-er,15.4,"(15, 4)",26.3,"(26, 3)"
472,iPhone,supports-st-v1,12.0,"(12, 0)",26.3,"(26, 3)"
473,iPhone,supports-stewie,18.0,"(18, 0)",26.3,"(26, 3)"
474,iPhone,supports-stick-moji-backs,18.0,"(18, 0)",26.3,"(26, 3)"
475,iPhone,supports-sticker-editing,17.0,"(17, 0)",26.3,"(26, 3)"
476,iPhone,supports-transcript-backgrounds,26.0,"(26, 0)",26.3,"(26, 3)"
477,iPhone,supports-update-attachments-v1,12.0,"(12, 0)",26.3,"(26, 3)"
478,iPhone,supports-uriless-membership-updates,26.0,"(26, 0)",26.3,"(26, 3)"
479,iPhone,supports-user-driven-call-activation,18.4,"(18, 4)",26.3,"(26, 3)"
480,iPhone,supports-uwb,15.0,"(15, 0)",26.3,"(26, 3)"
481,iPhone,supports-zelkova,17.0,"(17, 0)",26.3,"(26, 3)"
